<dataConfig>
  <dataSource driver="org.postgresql.Driver"
     url="jdbc:postgresql://192.168.100.20:5432/memogis"
     user="aplzakova"
     password="krt36Lek" />

  <document>
    <entity 
      name="document" 
      pk="id" 
      query= "
select 
	id || '.interest' as id,
	label_cs, 
	label_en, 
	address_cs as place_cs, 
	address_en as place_cs, 
	st_asgeojson(st_transform(geography::geometry, 3857)) as map_location, 
	st_asgeojson(ST_Transform(ST_GeomFromText(st_astext(geography_polygon),4326),3857)) as map_object,
	'interest' as place_type
from public.prague_places_of_interest

union

select 
	id || '.incident' as id,
	label_cs, 
	label_en, 
	place_cs, 
	place_en, 
	st_asgeojson(st_transform(geography::geometry, 3857)) as map_location, 
	st_asgeojson(st_transform(geography::geometry, 3857)) as map_object,
	'incident' as place_type
from public.prague_incidents

union

select
	public.prague_victims.id || 'victim' as id,
	public.prague_victims.&quot;label&quot; as label_cs,
	public.prague_victims.&quot;label&quot; as label_en, 	
	public.prague_victims.address_cs as place_cs, 
	public.prague_victims.address_en as place_cs, 
	st_asgeojson(st_transform(public.prague_addresses_stats.geography::geometry, 3857)) as map_location, 
	st_asgeojson(st_transform(public.prague_addresses_stats.geography::geometry, 3857)) as map_object,
	'victim' as place_type
from public.prague_victims join public.prague_addresses_stats 
	on (public.prague_victims.place_id = public.prague_addresses_stats.id)">

       <field column="id" name="id" />
       <field column="label_cs" name="label_cs" />
       <field column="label_en" name="label_en" />
       <field column="place_cs" name="place_cs" />
       <field column="place_en" name="place_en" />
       <field column="map_location" name="map_location" />
       <field column="map_object" name="map_object" />

     </entity>
  </document>
</dataConfig>
